"","ovlp_hist_rcp26","hv_dist_hist_rcp26","ovlp_hist_rcp60","hv_dist_hist_rcp60","ovlp_hist_rcp85","hv_dist_hist_rcp85"
"jaccard",0.743962825685905,0.081654552524364,0.639957964992779,0.230181351742547,0.312556117625356,0.762098132961523
