"","c(hv_ita_hist@Volume, hv_ita_rcp26@Volume, hv_ita_rcp60@Volume, hv_ita_rcp85@Volume)"
"1",75.6325342899037
"2",77.1113833785484
"3",114.282040508682
"4",171.958840284994
